areaType,areaName,areaCode,date,newCasesBySpecimenDate,cumCasesBySpecimenDate,newFirstEpisodesBySpecimenDate,cumFirstEpisodesBySpecimenDate,newReinfectionsBySpecimenDate,cumReinfectionsBySpecimenDate
region,London,E12000007,2022-07-26,775,3029115,584,2848858,191,180257
region,London,E12000007,2022-07-25,1251,3028340,936,2848274,315,180066
region,London,E12000007,2022-07-24,1216,3027089,899,2847338,317,179751
region,London,E12000007,2022-07-23,1113,3025873,905,2846439,208,179434
region,London,E12000007,2022-07-22,1436,3024760,1107,2845534,329,179226
region,London,E12000007,2022-07-21,1640,3023324,1239,2844427,401,178897
region,London,E12000007,2022-07-20,1927,3021684,1471,2843188,456,178496
region,London,E12000007,2022-07-19,1900,3019757,1412,2841717,488,178040
region,London,E12000007,2022-07-18,2300,3017857,1698,2840305,602,177552
region,London,E12000007,2022-07-17,2024,3015557,1537,2838607,487,176950
region,London,E12000007,2022-07-16,1873,3013533,1433,2837070,440,176463
region,London,E12000007,2022-07-15,2332,3011660,1738,2835637,594,176023
region,London,E12000007,2022-07-14,2689,3009328,1996,2833899,693,175429
region,London,E12000007,2022-07-13,3120,3006639,2346,2831903,774,174736
region,London,E12000007,2022-07-12,3353,3003519,2509,2829557,844,173962
region,London,E12000007,2022-07-11,3730,3000166,2800,2827048,930,173118
region,London,E12000007,2022-07-10,3208,2996436,2442,2824248,766,172188
region,London,E12000007,2022-07-09,2756,2993228,2146,2821806,610,171422
region,London,E12000007,2022-07-08,3099,2990472,2419,2819660,680,170812
region,London,E12000007,2022-07-07,3520,2987373,2647,2817241,873,170132
region,London,E12000007,2022-07-06,3965,2983853,2986,2814594,979,169259
region,London,E12000007,2022-07-05,4051,2979888,3026,2811608,1025,168280
region,London,E12000007,2022-07-04,4329,2975837,3258,2808582,1071,167255
region,London,E12000007,2022-07-03,3627,2971508,2766,2805324,861,166184
region,London,E12000007,2022-07-02,2822,2967881,2144,2802558,678,165323
region,London,E12000007,2022-07-01,3048,2965059,2330,2800414,718,164645
region,London,E12000007,2022-06-30,3169,2962011,2405,2798084,764,163927
region,London,E12000007,2022-06-29,3245,2958842,2443,2795679,802,163163
region,London,E12000007,2022-06-28,3119,2955597,2368,2793236,751,162361
region,London,E12000007,2022-06-27,3133,2952478,2398,2790868,735,161610
region,London,E12000007,2022-06-26,2471,2949345,1931,2788470,540,160875
region,London,E12000007,2022-06-25,2067,2946874,1611,2786539,456,160335
region,London,E12000007,2022-06-24,2186,2944807,1754,2784928,432,159879
region,London,E12000007,2022-06-23,2522,2942621,1957,2783174,565,159447
region,London,E12000007,2022-06-22,2630,2940099,2084,2781217,546,158882
region,London,E12000007,2022-06-21,2622,2937469,2079,2779133,543,158336
region,London,E12000007,2022-06-20,2500,2934847,1962,2777054,538,157793
region,London,E12000007,2022-06-19,2111,2932347,1720,2775092,391,157255
region,London,E12000007,2022-06-18,1825,2930236,1506,2773372,319,156864
region,London,E12000007,2022-06-17,1750,2928411,1421,2771866,329,156545
region,London,E12000007,2022-06-16,1816,2926661,1433,2770445,383,156216
region,London,E12000007,2022-06-15,1992,2924845,1588,2769012,404,155833
region,London,E12000007,2022-06-14,2056,2922853,1643,2767424,413,155429
region,London,E12000007,2022-06-13,2032,2920797,1638,2765781,394,155016
region,London,E12000007,2022-06-12,1784,2918765,1448,2764143,336,154622
region,London,E12000007,2022-06-11,1369,2916981,1106,2762695,263,154286
region,London,E12000007,2022-06-10,1466,2915612,1191,2761589,275,154023
region,London,E12000007,2022-06-09,1651,2914146,1352,2760398,299,153748
region,London,E12000007,2022-06-08,1676,2912495,1351,2759046,325,153449
region,London,E12000007,2022-06-07,1678,2910819,1384,2757695,294,153124
region,London,E12000007,2022-06-06,1622,2909141,1302,2756311,320,152830
region,London,E12000007,2022-06-05,1319,2907519,1097,2755009,222,152510
region,London,E12000007,2022-06-04,969,2906200,819,2753912,150,152288
region,London,E12000007,2022-06-03,868,2905231,735,2753093,133,152138
region,London,E12000007,2022-06-02,782,2904363,660,2752358,122,152005
region,London,E12000007,2022-06-01,894,2903581,749,2751698,145,151883
region,London,E12000007,2022-05-31,970,2902687,818,2750949,152,151738
region,London,E12000007,2022-05-30,942,2901717,792,2750131,150,151586
region,London,E12000007,2022-05-29,757,2900775,624,2749339,133,151436
region,London,E12000007,2022-05-28,688,2900018,580,2748715,108,151303
region,London,E12000007,2022-05-27,744,2899330,619,2748135,125,151195
region,London,E12000007,2022-05-26,764,2898586,636,2747516,128,151070
region,London,E12000007,2022-05-25,806,2897822,655,2746880,151,150942
region,London,E12000007,2022-05-24,843,2897016,683,2746225,160,150791
region,London,E12000007,2022-05-23,996,2896173,820,2745542,176,150631
region,London,E12000007,2022-05-22,733,2895177,616,2744722,117,150455
region,London,E12000007,2022-05-21,644,2894444,528,2744106,116,150338
region,London,E12000007,2022-05-20,719,2893800,593,2743578,126,150222
region,London,E12000007,2022-05-19,881,2893081,723,2742985,158,150096
region,London,E12000007,2022-05-18,971,2892200,800,2742262,171,149938
region,London,E12000007,2022-05-17,1059,2891229,860,2741462,199,149767
region,London,E12000007,2022-05-16,1176,2890170,935,2740602,241,149568
region,London,E12000007,2022-05-15,961,2888994,787,2739667,174,149327
region,London,E12000007,2022-05-14,753,2888033,613,2738880,140,149153
region,London,E12000007,2022-05-13,803,2887280,674,2738267,129,149013
region,London,E12000007,2022-05-12,937,2886477,787,2737593,150,148884
region,London,E12000007,2022-05-11,1006,2885540,846,2736806,160,148734
region,London,E12000007,2022-05-10,1212,2884534,1007,2735960,205,148574
region,London,E12000007,2022-05-09,1262,2883322,1051,2734953,211,148369
region,London,E12000007,2022-05-08,1081,2882060,885,2733902,196,148158
region,London,E12000007,2022-05-07,831,2880979,708,2733017,123,147962
region,London,E12000007,2022-05-06,1027,2880148,863,2732309,164,147839
region,London,E12000007,2022-05-05,1229,2879121,1006,2731446,223,147675
region,London,E12000007,2022-05-04,1362,2877892,1147,2730440,215,147452
region,London,E12000007,2022-05-03,1444,2876530,1203,2729293,241,147237
region,London,E12000007,2022-05-02,1366,2875086,1138,2728090,228,146996
region,London,E12000007,2022-05-01,937,2873720,809,2726952,128,146768
region,London,E12000007,2022-04-30,895,2872783,764,2726143,131,146640
region,London,E12000007,2022-04-29,1051,2871888,880,2725379,171,146509
region,London,E12000007,2022-04-28,1163,2870837,990,2724499,173,146338
region,London,E12000007,2022-04-27,1347,2869674,1131,2723509,216,146165
region,London,E12000007,2022-04-26,1333,2868327,1116,2722378,217,145949
region,London,E12000007,2022-04-25,1633,2866994,1353,2721262,280,145732
region,London,E12000007,2022-04-24,1383,2865361,1174,2719909,209,145452
region,London,E12000007,2022-04-23,1219,2863978,1041,2718735,178,145243
region,London,E12000007,2022-04-22,1525,2862759,1312,2717694,213,145065
region,London,E12000007,2022-04-21,1737,2861234,1479,2716382,258,144852
region,London,E12000007,2022-04-20,1991,2859497,1692,2714903,299,144594
region,London,E12000007,2022-04-19,2455,2857506,2048,2713211,407,144295
region,London,E12000007,2022-04-18,2445,2855051,2070,2711163,375,143888
region,London,E12000007,2022-04-17,1733,2852606,1513,2709093,220,143513
region,London,E12000007,2022-04-16,1760,2850873,1563,2707580,197,143293
region,London,E12000007,2022-04-15,1871,2849113,1649,2706017,222,143096
region,London,E12000007,2022-04-14,2410,2847242,2113,2704368,297,142874
region,London,E12000007,2022-04-13,2758,2844832,2417,2702255,341,142577
region,London,E12000007,2022-04-12,3067,2842074,2675,2699838,392,142236
region,London,E12000007,2022-04-11,3289,2839007,2864,2697163,425,141844
region,London,E12000007,2022-04-10,2858,2835718,2544,2694299,314,141419
region,London,E12000007,2022-04-09,2691,2832860,2364,2691755,327,141105
region,London,E12000007,2022-04-08,3221,2830169,2808,2689391,413,140778
region,London,E12000007,2022-04-07,3531,2826948,3095,2686583,436,140365
region,London,E12000007,2022-04-06,4201,2823417,3709,2683488,492,139929
region,London,E12000007,2022-04-05,4635,2819216,4130,2679779,505,139437
region,London,E12000007,2022-04-04,5259,2814581,4647,2675649,612,138932
region,London,E12000007,2022-04-03,3907,2809322,3447,2671002,460,138320
region,London,E12000007,2022-04-02,3773,2805415,3348,2667555,425,137860
region,London,E12000007,2022-04-01,5093,2801642,4498,2664207,595,137435
region,London,E12000007,2022-03-31,5756,2796549,5061,2659709,695,136840
region,London,E12000007,2022-03-30,7910,2790793,6951,2654648,959,136145
region,London,E12000007,2022-03-29,8381,2782883,7381,2647697,1000,135186
region,London,E12000007,2022-03-28,9471,2774502,8309,2640316,1162,134186
region,London,E12000007,2022-03-27,6887,2765031,6089,2632007,798,133024
region,London,E12000007,2022-03-26,6328,2758144,5671,2625918,657,132226
region,London,E12000007,2022-03-25,7565,2751816,6758,2620247,807,131569
region,London,E12000007,2022-03-24,8531,2744251,7560,2613489,971,130762
region,London,E12000007,2022-03-23,9676,2735720,8603,2605929,1073,129791
region,London,E12000007,2022-03-22,10023,2726044,8876,2597326,1147,128718
region,London,E12000007,2022-03-21,10844,2716021,9592,2588450,1252,127571
region,London,E12000007,2022-03-20,7629,2705177,6778,2578858,851,126319
region,London,E12000007,2022-03-19,6600,2697548,5900,2572080,700,125468
region,London,E12000007,2022-03-18,7734,2690948,6889,2566180,845,124768
region,London,E12000007,2022-03-17,8602,2683214,7677,2559291,925,123923
region,London,E12000007,2022-03-16,9275,2674612,8258,2551614,1017,122998
region,London,E12000007,2022-03-15,9358,2665337,8394,2543356,964,121981
region,London,E12000007,2022-03-14,9889,2655979,8850,2534962,1039,121017
region,London,E12000007,2022-03-13,7206,2646090,6436,2526112,770,119978
region,London,E12000007,2022-03-12,6278,2638884,5623,2519676,655,119208
region,London,E12000007,2022-03-11,6816,2632606,6149,2514053,667,118553
region,London,E12000007,2022-03-10,7327,2625790,6544,2507904,783,117886
region,London,E12000007,2022-03-09,7689,2618463,6839,2501360,850,117103
region,London,E12000007,2022-03-08,7217,2610774,6499,2494521,718,116253
region,London,E12000007,2022-03-07,6997,2603557,6283,2488022,714,115535
region,London,E12000007,2022-03-06,5014,2596560,4501,2481739,513,114821
region,London,E12000007,2022-03-05,4222,2591546,3851,2477238,371,114308
region,London,E12000007,2022-03-04,4606,2587324,4191,2473387,415,113937
region,London,E12000007,2022-03-03,4926,2582718,4476,2469196,450,113522
region,London,E12000007,2022-03-02,5185,2577792,4675,2464720,510,113072
region,London,E12000007,2022-03-01,4820,2572607,4396,2460045,424,112562
region,London,E12000007,2022-02-28,4871,2567787,4381,2455649,490,112138
region,London,E12000007,2022-02-27,3201,2562916,2876,2451268,325,111648
region,London,E12000007,2022-02-26,2662,2559715,2413,2448392,249,111323
region,London,E12000007,2022-02-25,3066,2557053,2805,2445979,261,111074
region,London,E12000007,2022-02-24,3464,2553987,3154,2443174,310,110813
region,London,E12000007,2022-02-23,4160,2550523,3805,2440020,355,110503
region,London,E12000007,2022-02-22,4649,2546363,4178,2436215,471,110148
region,London,E12000007,2022-02-21,5421,2541714,4890,2432037,531,109677
region,London,E12000007,2022-02-20,4620,2536293,4190,2427147,430,109146
region,London,E12000007,2022-02-19,4423,2531673,4029,2422957,394,108716
region,London,E12000007,2022-02-18,3410,2527250,3089,2418928,321,108322
region,London,E12000007,2022-02-17,5291,2523840,4822,2415839,469,108001
region,London,E12000007,2022-02-16,6052,2518549,5515,2411017,537,107532
region,London,E12000007,2022-02-15,5782,2512497,5283,2405502,499,106995
region,London,E12000007,2022-02-14,6057,2506715,5514,2400219,543,106496
region,London,E12000007,2022-02-13,4388,2500658,3988,2394705,400,105953
region,London,E12000007,2022-02-12,4345,2496270,3971,2390717,374,105553
region,London,E12000007,2022-02-11,5295,2491925,4840,2386746,455,105179
region,London,E12000007,2022-02-10,6452,2486630,5825,2381906,627,104724
region,London,E12000007,2022-02-09,7794,2480178,7049,2376081,745,104097
region,London,E12000007,2022-02-08,8387,2472384,7608,2369032,779,103352
region,London,E12000007,2022-02-07,9027,2463997,8161,2361424,866,102573
region,London,E12000007,2022-02-06,7069,2454970,6356,2353263,713,101707
region,London,E12000007,2022-02-05,6451,2447901,5849,2346907,602,100994
region,London,E12000007,2022-02-04,7542,2441450,6849,2341058,693,100392
region,London,E12000007,2022-02-03,9220,2433908,8406,2334209,814,99699
region,London,E12000007,2022-02-02,10707,2424688,9709,2325803,998,98885
region,London,E12000007,2022-02-01,11073,2413981,10020,2316094,1053,97887
region,London,E12000007,2022-01-31,11950,2402908,10895,2306074,1055,96834
region,London,E12000007,2022-01-30,9836,2390958,8889,2295179,947,95779
region,London,E12000007,2022-01-29,8728,2381122,7954,2286290,774,94832
region,London,E12000007,2022-01-28,9907,2372394,9023,2278336,884,94058
region,London,E12000007,2022-01-27,11575,2362487,10538,2269313,1037,93174
region,London,E12000007,2022-01-26,13079,2350912,11945,2258775,1134,92137
region,London,E12000007,2022-01-25,13247,2337833,12019,2246830,1228,91003
region,London,E12000007,2022-01-24,14410,2324586,13021,2234811,1389,89775
region,London,E12000007,2022-01-23,11343,2310176,10335,2221790,1008,88386
region,London,E12000007,2022-01-22,9641,2298833,8827,2211455,814,87378
region,London,E12000007,2022-01-21,10714,2289192,9773,2202628,941,86564
region,London,E12000007,2022-01-20,12021,2278478,10929,2192855,1092,85623
region,London,E12000007,2022-01-19,13019,2266457,11879,2181926,1140,84531
region,London,E12000007,2022-01-18,13877,2253438,12692,2170047,1185,83391
region,London,E12000007,2022-01-17,15124,2239561,13838,2157355,1286,82206
region,London,E12000007,2022-01-16,11246,2224437,10292,2143517,954,80920
region,London,E12000007,2022-01-15,9534,2213191,8776,2133225,758,79966
region,London,E12000007,2022-01-14,10513,2203657,9638,2124449,875,79208
region,London,E12000007,2022-01-13,11819,2193144,10862,2114811,957,78333
region,London,E12000007,2022-01-12,12938,2181325,11776,2103949,1162,77376
region,London,E12000007,2022-01-11,14419,2168387,13246,2092173,1173,76214
region,London,E12000007,2022-01-10,16625,2153968,15227,2078927,1398,75041
region,London,E12000007,2022-01-09,12132,2137343,11102,2063700,1030,73643
region,London,E12000007,2022-01-08,12174,2125211,11128,2052598,1046,72613
region,London,E12000007,2022-01-07,15180,2113037,13855,2041470,1325,71567
region,London,E12000007,2022-01-06,22194,2097857,20173,2027615,2021,70242
region,London,E12000007,2022-01-05,25233,2075663,22912,2007442,2321,68221
region,London,E12000007,2022-01-04,32097,2050430,29044,1984530,3053,65900
region,London,E12000007,2022-01-03,26956,2018333,24495,1955486,2461,62847
region,London,E12000007,2022-01-02,21913,1991377,19919,1930991,1994,60386
region,London,E12000007,2022-01-01,13620,1969464,12409,1911072,1211,58392
region,London,E12000007,2021-12-31,22197,1955844,20255,1898663,1942,57181
region,London,E12000007,2021-12-30,29443,1933647,26900,1878408,2543,55239
region,London,E12000007,2021-12-29,36923,1904204,33788,1851508,3135,52696
region,London,E12000007,2021-12-28,28192,1867281,25768,1817720,2424,49561
region,London,E12000007,2021-12-27,28064,1839089,25719,1791952,2345,47137
region,London,E12000007,2021-12-26,18749,1811025,17325,1766233,1424,44792
region,London,E12000007,2021-12-25,11172,1792276,10333,1748908,839,43368
region,London,E12000007,2021-12-24,24102,1781104,22142,1738575,1960,42529
region,London,E12000007,2021-12-23,31069,1757002,28440,1716433,2629,40569
region,London,E12000007,2021-12-22,32164,1725933,29530,1687993,2634,37940
region,London,E12000007,2021-12-21,33942,1693769,31192,1658463,2750,35306
region,London,E12000007,2021-12-20,32670,1659827,29972,1627271,2698,32556
region,London,E12000007,2021-12-19,22608,1627157,20751,1597299,1857,29858
region,London,E12000007,2021-12-18,24959,1604549,22984,1576548,1975,28001
region,London,E12000007,2021-12-17,27165,1579590,24834,1553564,2331,26026
region,London,E12000007,2021-12-16,30052,1552425,27481,1528730,2571,23695
region,London,E12000007,2021-12-15,31010,1522373,28393,1501249,2617,21124
region,London,E12000007,2021-12-14,29568,1491363,27250,1472856,2318,18507
region,London,E12000007,2021-12-13,22845,1461795,21324,1445606,1521,16189
region,London,E12000007,2021-12-12,12259,1438950,11599,1424282,660,14668
region,London,E12000007,2021-12-11,9887,1426691,9357,1412683,530,14008
region,London,E12000007,2021-12-10,10214,1416804,9691,1403326,523,13478
region,London,E12000007,2021-12-09,10331,1406590,9796,1393635,535,12955
region,London,E12000007,2021-12-08,10030,1396259,9512,1383839,518,12420
region,London,E12000007,2021-12-07,9085,1386229,8670,1374327,415,11902
region,London,E12000007,2021-12-06,8555,1377144,8247,1365657,308,11487
region,London,E12000007,2021-12-05,5520,1368589,5381,1357410,139,11179
region,London,E12000007,2021-12-04,5333,1363069,5228,1352029,105,11040
region,London,E12000007,2021-12-03,6093,1357736,5969,1346801,124,10935
region,London,E12000007,2021-12-02,6520,1351643,6402,1340832,118,10811
region,London,E12000007,2021-12-01,7050,1345123,6939,1334430,111,10693
region,London,E12000007,2021-11-30,6833,1338073,6718,1327491,115,10582
region,London,E12000007,2021-11-29,6857,1331240,6734,1320773,123,10467
region,London,E12000007,2021-11-28,4383,1324383,4309,1314039,74,10344
region,London,E12000007,2021-11-27,4334,1320000,4264,1309730,70,10270
region,London,E12000007,2021-11-26,4610,1315666,4542,1305466,68,10200
region,London,E12000007,2021-11-25,5186,1311056,5107,1300924,79,10132
region,London,E12000007,2021-11-24,5401,1305870,5306,1295817,95,10053
region,London,E12000007,2021-11-23,5290,1300469,5207,1290511,83,9958
region,London,E12000007,2021-11-22,5407,1295179,5334,1285304,73,9875
region,London,E12000007,2021-11-21,3831,1289772,3786,1279970,45,9802
region,London,E12000007,2021-11-20,3703,1285941,3645,1276184,58,9757
region,London,E12000007,2021-11-19,3945,1282238,3898,1272539,47,9699
region,London,E12000007,2021-11-18,4500,1278293,4426,1268641,74,9652
region,London,E12000007,2021-11-17,4501,1273793,4440,1264215,61,9578
region,London,E12000007,2021-11-16,4456,1269292,4387,1259775,69,9517
region,London,E12000007,2021-11-15,5148,1264836,5069,1255388,79,9448
region,London,E12000007,2021-11-14,3262,1259688,3211,1250319,51,9369
region,London,E12000007,2021-11-13,3236,1256426,3196,1247108,40,9318
region,London,E12000007,2021-11-12,3685,1253190,3619,1243912,66,9278
region,London,E12000007,2021-11-11,3924,1249505,3864,1240293,60,9212
region,London,E12000007,2021-11-10,4132,1245581,4058,1236429,74,9152
region,London,E12000007,2021-11-09,4009,1241449,3942,1232371,67,9078
region,London,E12000007,2021-11-08,3992,1237440,3915,1228429,77,9011
region,London,E12000007,2021-11-07,2813,1233448,2759,1224514,54,8934
region,London,E12000007,2021-11-06,2538,1230635,2497,1221755,41,8880
region,London,E12000007,2021-11-05,2783,1228097,2715,1219258,68,8839
region,London,E12000007,2021-11-04,3076,1225314,3041,1216543,35,8771
region,London,E12000007,2021-11-03,3289,1222238,3248,1213502,41,8736
region,London,E12000007,2021-11-02,3456,1218949,3399,1210254,57,8695
region,London,E12000007,2021-11-01,3918,1215493,3849,1206855,69,8638
region,London,E12000007,2021-10-31,3001,1211575,2938,1203006,63,8569
region,London,E12000007,2021-10-30,2909,1208574,2879,1200068,30,8506
region,London,E12000007,2021-10-29,3451,1205665,3393,1197189,58,8476
region,London,E12000007,2021-10-28,3618,1202214,3566,1193796,52,8418
region,London,E12000007,2021-10-27,3755,1198596,3703,1190230,52,8366
region,London,E12000007,2021-10-26,3514,1194841,3469,1186527,45,8314
region,London,E12000007,2021-10-25,4027,1191327,3958,1183058,69,8269
region,London,E12000007,2021-10-24,2838,1187300,2801,1179100,37,8200
region,London,E12000007,2021-10-23,2897,1184462,2857,1176299,40,8163
region,London,E12000007,2021-10-22,3526,1181565,3467,1173442,59,8123
region,London,E12000007,2021-10-21,3971,1178039,3916,1169975,55,8064
region,London,E12000007,2021-10-20,4363,1174068,4301,1166059,62,8009
region,London,E12000007,2021-10-19,4457,1169705,4381,1161758,76,7947
region,London,E12000007,2021-10-18,4569,1165248,4502,1157377,67,7871
region,London,E12000007,2021-10-17,3362,1160679,3314,1152875,48,7804
region,London,E12000007,2021-10-16,2806,1157317,2770,1149561,36,7756
region,London,E12000007,2021-10-15,3322,1154511,3268,1146791,54,7720
region,London,E12000007,2021-10-14,3471,1151189,3419,1143523,52,7666
region,London,E12000007,2021-10-13,3572,1147718,3532,1140104,40,7614
region,London,E12000007,2021-10-12,3428,1144146,3390,1136572,38,7574
region,London,E12000007,2021-10-11,3889,1140718,3846,1133182,43,7536
region,London,E12000007,2021-10-10,2785,1136829,2748,1129336,37,7493
region,London,E12000007,2021-10-09,2488,1134044,2447,1126588,41,7456
region,London,E12000007,2021-10-08,2702,1131556,2670,1124141,32,7415
region,London,E12000007,2021-10-07,2972,1128854,2934,1121471,38,7383
region,London,E12000007,2021-10-06,2863,1125882,2831,1118537,32,7345
region,London,E12000007,2021-10-05,3126,1123019,3079,1115706,47,7313
region,London,E12000007,2021-10-04,3364,1119893,3318,1112627,46,7266
region,London,E12000007,2021-10-03,2573,1116529,2536,1109309,37,7220
region,London,E12000007,2021-10-02,2202,1113956,2168,1106773,34,7183
region,London,E12000007,2021-10-01,2231,1111754,2202,1104605,29,7149
region,London,E12000007,2021-09-30,2651,1109523,2622,1102403,29,7120
region,London,E12000007,2021-09-29,2830,1106872,2799,1099781,31,7091
region,London,E12000007,2021-09-28,2843,1104042,2813,1096982,30,7060
region,London,E12000007,2021-09-27,3521,1101199,3465,1094169,56,7030
region,London,E12000007,2021-09-26,2557,1097678,2516,1090704,41,6974
region,London,E12000007,2021-09-25,2337,1095121,2310,1088188,27,6933
region,London,E12000007,2021-09-24,2438,1092784,2391,1085878,47,6906
region,London,E12000007,2021-09-23,2795,1090346,2741,1083487,54,6859
region,London,E12000007,2021-09-22,2871,1087551,2826,1080746,45,6805
region,London,E12000007,2021-09-21,2969,1084680,2920,1077920,49,6760
region,London,E12000007,2021-09-20,3178,1081711,3127,1075000,51,6711
region,London,E12000007,2021-09-19,2379,1078533,2344,1071873,35,6660
region,London,E12000007,2021-09-18,2166,1076154,2123,1069529,43,6625
region,London,E12000007,2021-09-17,2417,1073988,2382,1067406,35,6582
region,London,E12000007,2021-09-16,2440,1071571,2396,1065024,44,6547
region,London,E12000007,2021-09-15,2489,1069131,2454,1062628,35,6503
region,London,E12000007,2021-09-14,2643,1066642,2612,1060174,31,6468
region,London,E12000007,2021-09-13,2860,1063999,2820,1057562,40,6437
region,London,E12000007,2021-09-12,2065,1061139,2026,1054742,39,6397
region,London,E12000007,2021-09-11,2227,1059074,2191,1052716,36,6358
region,London,E12000007,2021-09-10,2571,1056847,2533,1050525,38,6322
region,London,E12000007,2021-09-09,2808,1054276,2765,1047992,43,6284
region,London,E12000007,2021-09-08,3215,1051468,3163,1045227,52,6241
region,London,E12000007,2021-09-07,3463,1048253,3411,1042064,52,6189
region,London,E12000007,2021-09-06,3892,1044790,3824,1038653,68,6137
region,London,E12000007,2021-09-05,2705,1040898,2657,1034829,48,6069
region,London,E12000007,2021-09-04,2758,1038193,2724,1032172,34,6021
region,London,E12000007,2021-09-03,3531,1035435,3482,1029448,49,5987
region,London,E12000007,2021-09-02,3811,1031904,3754,1025966,57,5938
region,London,E12000007,2021-09-01,3677,1028093,3621,1022212,56,5881
region,London,E12000007,2021-08-31,3811,1024416,3735,1018591,76,5825
region,London,E12000007,2021-08-30,2873,1020605,2833,1014856,40,5749
region,London,E12000007,2021-08-29,2286,1017732,2251,1012023,35,5709
region,London,E12000007,2021-08-28,2648,1015446,2602,1009772,46,5674
region,London,E12000007,2021-08-27,3144,1012798,3105,1007170,39,5628
region,London,E12000007,2021-08-26,3246,1009654,3207,1004065,39,5589
region,London,E12000007,2021-08-25,3529,1006408,3474,1000858,55,5550
region,London,E12000007,2021-08-24,3516,1002879,3462,997384,54,5495
region,London,E12000007,2021-08-23,3657,999363,3607,993922,50,5441
region,London,E12000007,2021-08-22,2723,995706,2678,990315,45,5391
region,London,E12000007,2021-08-21,2728,992983,2685,987637,43,5346
region,London,E12000007,2021-08-20,3168,990255,3126,984952,42,5303
region,London,E12000007,2021-08-19,3632,987087,3583,981826,49,5261
region,London,E12000007,2021-08-18,3804,983455,3729,978243,75,5212
region,London,E12000007,2021-08-17,3825,979651,3756,974514,69,5137
region,London,E12000007,2021-08-16,3927,975826,3872,970758,55,5068
region,London,E12000007,2021-08-15,2760,971899,2728,966886,32,5013
region,London,E12000007,2021-08-14,2948,969139,2911,964158,37,4981
region,London,E12000007,2021-08-13,3763,966191,3710,961247,53,4944
region,London,E12000007,2021-08-12,4018,962428,3956,957537,62,4891
region,London,E12000007,2021-08-11,4370,958410,4319,953581,51,4829
region,London,E12000007,2021-08-10,3929,954040,3867,949262,62,4778
region,London,E12000007,2021-08-09,3877,950111,3819,945395,58,4716
region,London,E12000007,2021-08-08,2917,946234,2879,941576,38,4658
region,London,E12000007,2021-08-07,3015,943317,2969,938697,46,4620
region,London,E12000007,2021-08-06,3731,940302,3673,935728,58,4574
region,London,E12000007,2021-08-05,4296,936571,4229,932055,67,4516
region,London,E12000007,2021-08-04,4294,932275,4242,927826,52,4449
region,London,E12000007,2021-08-03,4033,927981,3974,923584,59,4397
region,London,E12000007,2021-08-02,3988,923948,3939,919610,49,4338
region,London,E12000007,2021-08-01,2694,919960,2662,915671,32,4289
region,London,E12000007,2021-07-31,2670,917266,2629,913009,41,4257
region,London,E12000007,2021-07-30,3357,914596,3307,910380,50,4216
region,London,E12000007,2021-07-29,3902,911239,3854,907073,48,4166
region,London,E12000007,2021-07-28,3964,907337,3912,903219,52,4118
region,London,E12000007,2021-07-27,3907,903373,3853,899307,54,4066
region,London,E12000007,2021-07-26,4043,899466,3988,895454,55,4012
region,London,E12000007,2021-07-25,2882,895423,2846,891466,36,3957
region,London,E12000007,2021-07-24,3118,892541,3080,888620,38,3921
region,London,E12000007,2021-07-23,3928,889423,3889,885540,39,3883
region,London,E12000007,2021-07-22,4314,885495,4263,881651,51,3844
region,London,E12000007,2021-07-21,4785,881181,4729,877388,56,3793
region,London,E12000007,2021-07-20,5160,876396,5080,872659,80,3737
region,London,E12000007,2021-07-19,6138,871236,6059,867579,79,3657
region,London,E12000007,2021-07-18,4523,865098,4463,861520,60,3578
region,London,E12000007,2021-07-17,5081,860575,5016,857057,65,3518
region,London,E12000007,2021-07-16,7137,855494,7061,852041,76,3453
region,London,E12000007,2021-07-15,7818,848357,7722,844980,96,3377
region,London,E12000007,2021-07-14,6574,840539,6471,837258,103,3281
region,London,E12000007,2021-07-13,5310,833965,5238,830787,72,3178
region,London,E12000007,2021-07-12,4970,828655,4920,825549,50,3106
region,London,E12000007,2021-07-11,3283,823685,3245,820629,38,3056
region,London,E12000007,2021-07-10,3251,820402,3204,817384,47,3018
region,London,E12000007,2021-07-09,3654,817151,3605,814180,49,2971
region,London,E12000007,2021-07-08,3690,813497,3628,810575,62,2922
region,London,E12000007,2021-07-07,4503,809807,4452,806947,51,2860
region,London,E12000007,2021-07-06,4025,805304,3971,802495,54,2809
region,London,E12000007,2021-07-05,3863,801279,3800,798524,63,2755
region,London,E12000007,2021-07-04,2639,797416,2600,794724,39,2692
region,London,E12000007,2021-07-03,2683,794777,2645,792124,38,2653
region,London,E12000007,2021-07-02,2944,792094,2905,789479,39,2615
region,London,E12000007,2021-07-01,3098,789150,3049,786574,49,2576
region,London,E12000007,2021-06-30,3083,786052,3041,783525,42,2527
region,London,E12000007,2021-06-29,2996,782969,2961,780484,35,2485
region,London,E12000007,2021-06-28,2873,779973,2835,777523,38,2450
region,London,E12000007,2021-06-27,1890,777100,1867,774688,23,2412
region,London,E12000007,2021-06-26,1723,775210,1702,772821,21,2389
region,London,E12000007,2021-06-25,2057,773487,2025,771119,32,2368
region,London,E12000007,2021-06-24,1959,771430,1926,769094,33,2336
region,London,E12000007,2021-06-23,1971,769471,1949,767168,22,2303
region,London,E12000007,2021-06-22,1787,767500,1763,765219,24,2281
region,London,E12000007,2021-06-21,1654,765713,1630,763456,24,2257
region,London,E12000007,2021-06-20,971,764059,957,761826,14,2233
region,London,E12000007,2021-06-19,924,763088,904,760869,20,2219
region,London,E12000007,2021-06-18,1038,762164,1017,759965,21,2199
region,London,E12000007,2021-06-17,1300,761126,1273,758948,27,2178
region,London,E12000007,2021-06-16,1163,759826,1145,757675,18,2151
region,London,E12000007,2021-06-15,1300,758663,1267,756530,33,2133
region,London,E12000007,2021-06-14,1208,757363,1188,755263,20,2100
region,London,E12000007,2021-06-13,767,756155,753,754075,14,2080
region,London,E12000007,2021-06-12,772,755388,756,753322,16,2066
region,London,E12000007,2021-06-11,938,754616,919,752566,19,2050
region,London,E12000007,2021-06-10,996,753678,977,751647,19,2031
region,London,E12000007,2021-06-09,1077,752682,1056,750670,21,2012
region,London,E12000007,2021-06-08,1095,751605,1066,749614,29,1991
region,London,E12000007,2021-06-07,1017,750510,997,748548,20,1962
region,London,E12000007,2021-06-06,667,749493,651,747551,16,1942
region,London,E12000007,2021-06-05,598,748826,592,746900,6,1926
region,London,E12000007,2021-06-04,703,748228,693,746308,10,1920
region,London,E12000007,2021-06-03,797,747525,777,745615,20,1910
region,London,E12000007,2021-06-02,814,746728,802,744838,12,1890
region,London,E12000007,2021-06-01,713,745914,692,744036,21,1878
region,London,E12000007,2021-05-31,515,745201,501,743344,14,1857
region,London,E12000007,2021-05-30,401,744686,393,742843,8,1843
region,London,E12000007,2021-05-29,386,744285,381,742450,5,1835
region,London,E12000007,2021-05-28,430,743899,415,742069,15,1830
region,London,E12000007,2021-05-27,520,743469,504,741654,16,1815
region,London,E12000007,2021-05-26,485,742949,476,741150,9,1799
region,London,E12000007,2021-05-25,424,742464,407,740674,17,1790
region,London,E12000007,2021-05-24,380,742040,366,740267,14,1773
region,London,E12000007,2021-05-23,281,741660,271,739901,10,1759
region,London,E12000007,2021-05-22,249,741379,235,739630,14,1749
region,London,E12000007,2021-05-21,273,741130,264,739395,9,1735
region,London,E12000007,2021-05-20,329,740857,317,739131,12,1726
region,London,E12000007,2021-05-19,360,740528,342,738814,18,1714
region,London,E12000007,2021-05-18,329,740168,320,738472,9,1696
region,London,E12000007,2021-05-17,340,739839,329,738152,11,1687
region,London,E12000007,2021-05-16,224,739499,214,737823,10,1676
region,London,E12000007,2021-05-15,194,739275,186,737609,8,1666
region,London,E12000007,2021-05-14,251,739081,240,737423,11,1658
region,London,E12000007,2021-05-13,263,738830,250,737183,13,1647
region,London,E12000007,2021-05-12,233,738567,225,736933,8,1634
region,London,E12000007,2021-05-11,298,738334,286,736708,12,1626
region,London,E12000007,2021-05-10,362,738036,350,736422,12,1614
region,London,E12000007,2021-05-09,287,737674,270,736072,17,1602
region,London,E12000007,2021-05-08,191,737387,185,735802,6,1585
region,London,E12000007,2021-05-07,237,737196,230,735617,7,1579
region,London,E12000007,2021-05-06,300,736959,286,735387,14,1572
region,London,E12000007,2021-05-05,283,736659,274,735101,9,1558
region,London,E12000007,2021-05-04,316,736376,304,734827,12,1549
region,London,E12000007,2021-05-03,250,736060,243,734523,7,1537
region,London,E12000007,2021-05-02,183,735810,174,734280,9,1530
region,London,E12000007,2021-05-01,187,735627,177,734106,10,1521
region,London,E12000007,2021-04-30,240,735440,228,733929,12,1511
region,London,E12000007,2021-04-29,216,735200,203,733701,13,1499
region,London,E12000007,2021-04-28,307,734984,292,733498,15,1486
region,London,E12000007,2021-04-27,286,734677,276,733206,10,1471
region,London,E12000007,2021-04-26,325,734391,308,732930,17,1461
region,London,E12000007,2021-04-25,281,734066,272,732622,9,1444
region,London,E12000007,2021-04-24,247,733785,235,732350,12,1435
region,London,E12000007,2021-04-23,250,733538,241,732115,9,1423
region,London,E12000007,2021-04-22,327,733288,308,731874,19,1414
region,London,E12000007,2021-04-21,389,732961,363,731566,26,1395
region,London,E12000007,2021-04-20,377,732572,353,731203,24,1369
region,London,E12000007,2021-04-19,395,732195,375,730850,20,1345
region,London,E12000007,2021-04-18,395,731800,377,730475,18,1325
region,London,E12000007,2021-04-17,231,731405,222,730098,9,1307
region,London,E12000007,2021-04-16,332,731174,321,729876,11,1298
region,London,E12000007,2021-04-15,321,730842,309,729555,12,1287
region,London,E12000007,2021-04-14,295,730521,286,729246,9,1275
region,London,E12000007,2021-04-13,303,730226,292,728960,11,1266
region,London,E12000007,2021-04-12,353,729923,341,728668,12,1255
region,London,E12000007,2021-04-11,312,729570,307,728327,5,1243
region,London,E12000007,2021-04-10,293,729258,286,728020,7,1238
region,London,E12000007,2021-04-09,376,728965,366,727734,10,1231
region,London,E12000007,2021-04-08,330,728589,322,727368,8,1221
region,London,E12000007,2021-04-07,372,728259,357,727046,15,1213
region,London,E12000007,2021-04-06,359,727887,345,726689,14,1198
region,London,E12000007,2021-04-05,262,727528,254,726344,8,1184
region,London,E12000007,2021-04-04,221,727266,217,726090,4,1176
region,London,E12000007,2021-04-03,252,727045,248,725873,4,1172
region,London,E12000007,2021-04-02,271,726793,264,725625,7,1168
region,London,E12000007,2021-04-01,370,726522,359,725361,11,1161
region,London,E12000007,2021-03-31,322,726152,315,725002,7,1150
region,London,E12000007,2021-03-30,384,725830,380,724687,4,1143
region,London,E12000007,2021-03-29,428,725446,421,724307,7,1139
region,London,E12000007,2021-03-28,530,725018,518,723886,12,1132
region,London,E12000007,2021-03-27,322,724488,317,723368,5,1120
region,London,E12000007,2021-03-26,457,724166,447,723051,10,1115
region,London,E12000007,2021-03-25,471,723709,461,722604,10,1105
region,London,E12000007,2021-03-24,636,723238,625,722143,11,1095
region,London,E12000007,2021-03-23,489,722602,486,721518,3,1084
region,London,E12000007,2021-03-22,553,722113,546,721032,7,1081
region,London,E12000007,2021-03-21,479,721560,470,720486,9,1074
region,London,E12000007,2021-03-20,387,721081,386,720016,1,1065
region,London,E12000007,2021-03-19,452,720694,450,719630,2,1064
region,London,E12000007,2021-03-18,485,720242,484,719180,1,1062
region,London,E12000007,2021-03-17,477,719757,473,718696,4,1061
region,London,E12000007,2021-03-16,522,719280,518,718223,4,1057
region,London,E12000007,2021-03-15,617,718758,612,717705,5,1053
region,London,E12000007,2021-03-14,372,718141,368,717093,4,1048
region,London,E12000007,2021-03-13,383,717769,380,716725,3,1044
region,London,E12000007,2021-03-12,528,717386,524,716345,4,1041
region,London,E12000007,2021-03-11,472,716858,467,715821,5,1037
region,London,E12000007,2021-03-10,545,716386,544,715354,1,1032
region,London,E12000007,2021-03-09,616,715841,609,714810,7,1031
region,London,E12000007,2021-03-08,581,715225,575,714201,6,1024
region,London,E12000007,2021-03-07,425,714644,424,713626,1,1018
region,London,E12000007,2021-03-06,416,714219,414,713202,2,1017
region,London,E12000007,2021-03-05,515,713803,514,712788,1,1015
region,London,E12000007,2021-03-04,534,713288,528,712274,6,1014
region,London,E12000007,2021-03-03,596,712754,593,711746,3,1008
region,London,E12000007,2021-03-02,678,712158,672,711153,6,1005
region,London,E12000007,2021-03-01,576,711480,567,710481,9,999
region,London,E12000007,2021-02-28,499,710904,496,709914,3,990
region,London,E12000007,2021-02-27,528,710405,525,709418,3,987
region,London,E12000007,2021-02-26,642,709877,637,708893,5,984
region,London,E12000007,2021-02-25,665,709235,664,708256,1,979
region,London,E12000007,2021-02-24,763,708570,756,707592,7,978
region,London,E12000007,2021-02-23,957,707807,952,706836,5,971
region,London,E12000007,2021-02-22,1045,706850,1038,705884,7,966
region,London,E12000007,2021-02-21,763,705805,760,704846,3,959
region,London,E12000007,2021-02-20,823,705042,819,704086,4,956
region,London,E12000007,2021-02-19,1060,704219,1053,703267,7,952
region,London,E12000007,2021-02-18,1144,703159,1137,702214,7,945
region,London,E12000007,2021-02-17,1129,702015,1126,701077,3,938
region,London,E12000007,2021-02-16,1231,700886,1225,699951,6,935
region,London,E12000007,2021-02-15,1427,699655,1422,698726,5,929
region,London,E12000007,2021-02-14,915,698228,912,697304,3,924
region,London,E12000007,2021-02-13,897,697313,895,696392,2,921
region,London,E12000007,2021-02-12,1315,696416,1308,695497,7,919
region,London,E12000007,2021-02-11,1485,695101,1479,694189,6,912
region,London,E12000007,2021-02-10,1575,693616,1569,692710,6,906
region,London,E12000007,2021-02-09,1704,692041,1698,691141,6,900
region,London,E12000007,2021-02-08,1860,690337,1848,689443,12,894
region,London,E12000007,2021-02-07,1383,688477,1379,687595,4,882
region,London,E12000007,2021-02-06,1591,687094,1586,686216,5,878
region,London,E12000007,2021-02-05,2186,685503,2176,684630,10,873
region,London,E12000007,2021-02-04,2538,683317,2528,682454,10,863
region,London,E12000007,2021-02-03,2779,680779,2771,679926,8,853
region,London,E12000007,2021-02-02,3020,678000,3015,677155,5,845
region,London,E12000007,2021-02-01,3376,674980,3364,674140,12,840
region,London,E12000007,2021-01-31,2288,671604,2286,670776,2,828
region,London,E12000007,2021-01-30,2715,669316,2711,668490,4,826
region,London,E12000007,2021-01-29,3498,666601,3491,665779,7,822
region,London,E12000007,2021-01-28,3972,663103,3961,662288,11,815
region,London,E12000007,2021-01-27,4314,659131,4303,658327,11,804
region,London,E12000007,2021-01-26,4293,654817,4281,654024,12,793
region,London,E12000007,2021-01-25,5104,650524,5096,649743,8,781
region,London,E12000007,2021-01-24,3199,645420,3194,644647,5,773
region,London,E12000007,2021-01-23,4259,642221,4253,641453,6,768
region,London,E12000007,2021-01-22,5740,637962,5728,637200,12,762
region,London,E12000007,2021-01-21,5944,632222,5934,631472,10,750
region,London,E12000007,2021-01-20,6377,626278,6366,625538,11,740
region,London,E12000007,2021-01-19,7213,619901,7203,619172,10,729
region,London,E12000007,2021-01-18,8516,612688,8496,611969,20,719
region,London,E12000007,2021-01-17,5523,604172,5513,603473,10,699
region,London,E12000007,2021-01-16,6311,598649,6306,597960,5,689
region,London,E12000007,2021-01-15,8397,592338,8387,591654,10,684
region,London,E12000007,2021-01-14,9159,583941,9145,583267,14,674
region,London,E12000007,2021-01-13,9508,574782,9500,574122,8,660
region,London,E12000007,2021-01-12,10081,565274,10058,564622,23,652
region,London,E12000007,2021-01-11,11844,555193,11821,554564,23,629
region,London,E12000007,2021-01-10,7641,543349,7637,542743,4,606
region,London,E12000007,2021-01-09,8960,535708,8948,535106,12,602
region,London,E12000007,2021-01-08,10770,526748,10760,526158,10,590
region,London,E12000007,2021-01-07,12354,515978,12344,515398,10,580
region,London,E12000007,2021-01-06,13885,503624,13864,503054,21,570
region,London,E12000007,2021-01-05,14895,489739,14876,489190,19,549
region,London,E12000007,2021-01-04,17652,474844,17627,474314,25,530
region,London,E12000007,2021-01-03,13396,457192,13391,456687,5,505
region,London,E12000007,2021-01-02,13941,443796,13923,443296,18,500
region,London,E12000007,2021-01-01,6889,429855,6885,429373,4,482
region,London,E12000007,2020-12-31,12667,422966,12654,422488,13,478
region,London,E12000007,2020-12-30,17658,410299,17638,409834,20,465
region,London,E12000007,2020-12-29,20265,392641,20243,392196,22,445
region,London,E12000007,2020-12-28,10880,372376,10873,371953,7,423
region,London,E12000007,2020-12-27,13364,361496,13356,361080,8,416
region,London,E12000007,2020-12-26,12085,348132,12074,347724,11,408
region,London,E12000007,2020-12-25,4413,336047,4409,335650,4,397
region,London,E12000007,2020-12-24,9594,331634,9587,331241,7,393
region,London,E12000007,2020-12-23,12532,322040,12522,321654,10,386
region,London,E12000007,2020-12-22,13569,309508,13556,309132,13,376
region,London,E12000007,2020-12-21,13495,295939,13483,295576,12,363
region,London,E12000007,2020-12-20,9078,282444,9070,282093,8,351
region,London,E12000007,2020-12-19,7289,273366,7285,273023,4,343
region,London,E12000007,2020-12-18,11002,266077,10990,265738,12,339
region,London,E12000007,2020-12-17,10317,255075,10306,254748,11,327
region,London,E12000007,2020-12-16,10165,244758,10155,244442,10,316
region,London,E12000007,2020-12-15,8974,234593,8970,234287,4,306
region,London,E12000007,2020-12-14,8438,225619,8435,225317,3,302
region,London,E12000007,2020-12-13,5571,217181,5568,216882,3,299
region,London,E12000007,2020-12-12,4749,211610,4740,211314,9,296
region,London,E12000007,2020-12-11,5538,206861,5535,206574,3,287
region,London,E12000007,2020-12-10,5080,201323,5074,201039,6,284
region,London,E12000007,2020-12-09,4462,196243,4458,195965,4,278
region,London,E12000007,2020-12-08,3759,191781,3754,191507,5,274
region,London,E12000007,2020-12-07,3749,188022,3746,187753,3,269
region,London,E12000007,2020-12-06,2445,184273,2445,184007,0,266
region,London,E12000007,2020-12-05,2277,181828,2276,181562,1,266
region,London,E12000007,2020-12-04,2964,179551,2960,179286,4,265
region,London,E12000007,2020-12-03,2487,176587,2485,176326,2,261
region,London,E12000007,2020-12-02,2839,174100,2833,173841,6,259
region,London,E12000007,2020-12-01,2489,171261,2488,171008,1,253
region,London,E12000007,2020-11-30,2720,168772,2716,168520,4,252
region,London,E12000007,2020-11-29,1670,166052,1669,165804,1,248
region,London,E12000007,2020-11-28,1654,164382,1654,164135,0,247
region,London,E12000007,2020-11-27,2234,162728,2230,162481,4,247
region,London,E12000007,2020-11-26,2092,160494,2092,160251,0,243
region,London,E12000007,2020-11-25,2265,158402,2265,158159,0,243
region,London,E12000007,2020-11-24,2179,156137,2178,155894,1,243
region,London,E12000007,2020-11-23,2430,153958,2424,153716,6,242
region,London,E12000007,2020-11-22,1508,151528,1508,151292,0,236
region,London,E12000007,2020-11-21,1514,150020,1512,149784,2,236
region,London,E12000007,2020-11-20,2152,148506,2148,148272,4,234
region,London,E12000007,2020-11-19,2212,146354,2209,146124,3,230
region,London,E12000007,2020-11-18,2488,144142,2486,143915,2,227
region,London,E12000007,2020-11-17,2597,141654,2596,141429,1,225
region,London,E12000007,2020-11-16,3117,139057,3115,138833,2,224
region,London,E12000007,2020-11-15,1830,135940,1828,135718,2,222
region,London,E12000007,2020-11-14,1960,134110,1960,133890,0,220
region,London,E12000007,2020-11-13,2744,132150,2741,131930,3,220
region,London,E12000007,2020-11-12,2890,129406,2887,129189,3,217
region,London,E12000007,2020-11-11,2961,126516,2958,126302,3,214
region,London,E12000007,2020-11-10,2776,123555,2774,123344,2,211
region,London,E12000007,2020-11-09,3128,120779,3125,120570,3,209
region,London,E12000007,2020-11-08,1792,117651,1789,117445,3,206
region,London,E12000007,2020-11-07,1667,115859,1667,115656,0,203
region,London,E12000007,2020-11-06,2145,114192,2144,113989,1,203
region,London,E12000007,2020-11-05,2115,112047,2112,111845,3,202
region,London,E12000007,2020-11-04,2084,109932,2081,109733,3,199
region,London,E12000007,2020-11-03,2162,107848,2158,107652,4,196
region,London,E12000007,2020-11-02,2965,105686,2962,105494,3,192
region,London,E12000007,2020-11-01,1226,102721,1222,102532,4,189
region,London,E12000007,2020-10-31,1403,101495,1403,101310,0,185
region,London,E12000007,2020-10-30,1895,100092,1894,99907,1,185
region,London,E12000007,2020-10-29,2030,98197,2029,98013,1,184
region,London,E12000007,2020-10-28,1996,96167,1995,95984,1,183
region,London,E12000007,2020-10-27,2111,94171,2107,93989,4,182
region,London,E12000007,2020-10-26,2561,92060,2558,91882,3,178
region,London,E12000007,2020-10-25,1303,89499,1302,89324,1,175
region,London,E12000007,2020-10-24,1458,88196,1457,88022,1,174
region,London,E12000007,2020-10-23,2043,86738,2042,86565,1,173
region,London,E12000007,2020-10-22,2200,84695,2200,84523,0,172
region,London,E12000007,2020-10-21,2376,82495,2376,82323,0,172
region,London,E12000007,2020-10-20,2336,80119,2332,79947,4,172
region,London,E12000007,2020-10-19,2359,77783,2359,77615,0,168
region,London,E12000007,2020-10-18,1308,75424,1304,75256,4,168
region,London,E12000007,2020-10-17,1117,74116,1114,73952,3,164
region,London,E12000007,2020-10-16,1685,72999,1679,72838,6,161
region,London,E12000007,2020-10-15,1740,71314,1737,71159,3,155
region,London,E12000007,2020-10-14,1638,69574,1636,69422,2,152
region,London,E12000007,2020-10-13,1440,67936,1434,67786,6,150
region,London,E12000007,2020-10-12,1590,66496,1585,66352,5,144
region,London,E12000007,2020-10-11,745,64906,745,64767,0,139
region,London,E12000007,2020-10-10,881,64161,881,64022,0,139
region,London,E12000007,2020-10-09,1362,63280,1356,63141,6,139
region,London,E12000007,2020-10-08,1481,61918,1481,61785,0,133
region,London,E12000007,2020-10-07,1425,60437,1423,60304,2,133
region,London,E12000007,2020-10-06,1168,59012,1168,58881,0,131
region,London,E12000007,2020-10-05,1298,57844,1297,57713,1,131
region,London,E12000007,2020-10-04,834,56546,834,56416,0,130
region,London,E12000007,2020-10-03,800,55712,797,55582,3,130
region,London,E12000007,2020-10-02,1040,54912,1038,54785,2,127
region,London,E12000007,2020-10-01,1076,53872,1075,53747,1,125
region,London,E12000007,2020-09-30,1006,52796,1003,52672,3,124
region,London,E12000007,2020-09-29,705,51790,699,51669,6,121
region,London,E12000007,2020-09-28,744,51085,740,50970,4,115
region,London,E12000007,2020-09-27,535,50341,534,50230,1,111
region,London,E12000007,2020-09-26,552,49806,552,49696,0,110
region,London,E12000007,2020-09-25,607,49254,606,49144,1,110
region,London,E12000007,2020-09-24,602,48647,600,48538,2,109
region,London,E12000007,2020-09-23,658,48045,657,47938,1,107
region,London,E12000007,2020-09-22,525,47387,523,47281,2,106
region,London,E12000007,2020-09-21,434,46862,431,46758,3,104
region,London,E12000007,2020-09-20,415,46428,413,46327,2,101
region,London,E12000007,2020-09-19,342,46013,342,45914,0,99
region,London,E12000007,2020-09-18,386,45671,382,45572,4,99
region,London,E12000007,2020-09-17,328,45285,325,45190,3,95
region,London,E12000007,2020-09-16,294,44957,293,44865,1,92
region,London,E12000007,2020-09-15,272,44663,268,44572,4,91
region,London,E12000007,2020-09-14,304,44391,301,44304,3,87
region,London,E12000007,2020-09-13,112,44087,112,44003,0,84
region,London,E12000007,2020-09-12,232,43975,232,43891,0,84
region,London,E12000007,2020-09-11,335,43743,332,43659,3,84
region,London,E12000007,2020-09-10,397,43408,396,43327,1,81
region,London,E12000007,2020-09-09,347,43011,344,42931,3,80
region,London,E12000007,2020-09-08,351,42664,349,42587,2,77
region,London,E12000007,2020-09-07,464,42313,463,42238,1,75
region,London,E12000007,2020-09-06,209,41849,209,41775,0,74
region,London,E12000007,2020-09-05,271,41640,270,41566,1,74
region,London,E12000007,2020-09-04,359,41369,358,41296,1,73
region,London,E12000007,2020-09-03,348,41010,346,40938,2,72
region,London,E12000007,2020-09-02,343,40662,337,40592,6,70
region,London,E12000007,2020-09-01,316,40319,315,40255,1,64
region,London,E12000007,2020-08-31,217,40003,217,39940,0,63
region,London,E12000007,2020-08-30,132,39786,132,39723,0,63
region,London,E12000007,2020-08-29,139,39654,138,39591,1,63
region,London,E12000007,2020-08-28,223,39515,221,39453,2,62
region,London,E12000007,2020-08-27,232,39292,231,39232,1,60
region,London,E12000007,2020-08-26,165,39060,164,39001,1,59
region,London,E12000007,2020-08-25,170,38895,169,38837,1,58
region,London,E12000007,2020-08-24,198,38725,198,38668,0,57
region,London,E12000007,2020-08-23,141,38527,141,38470,0,57
region,London,E12000007,2020-08-22,120,38386,120,38329,0,57
region,London,E12000007,2020-08-21,170,38266,169,38209,1,57
region,London,E12000007,2020-08-20,208,38096,206,38040,2,56
region,London,E12000007,2020-08-19,154,37888,154,37834,0,54
region,London,E12000007,2020-08-18,184,37734,183,37680,1,54
region,London,E12000007,2020-08-17,190,37550,190,37497,0,53
region,London,E12000007,2020-08-16,88,37360,87,37307,1,53
region,London,E12000007,2020-08-15,106,37272,106,37220,0,52
region,London,E12000007,2020-08-14,131,37166,128,37114,3,52
region,London,E12000007,2020-08-13,126,37035,126,36986,0,49
region,London,E12000007,2020-08-12,165,36909,163,36860,2,49
region,London,E12000007,2020-08-11,150,36744,149,36697,1,47
region,London,E12000007,2020-08-10,147,36594,145,36548,2,46
region,London,E12000007,2020-08-09,69,36447,68,36403,1,44
region,London,E12000007,2020-08-08,56,36378,55,36335,1,43
region,London,E12000007,2020-08-07,126,36322,124,36280,2,42
region,London,E12000007,2020-08-06,108,36196,105,36156,3,40
region,London,E12000007,2020-08-05,119,36088,114,36051,5,37
region,London,E12000007,2020-08-04,106,35969,104,35937,2,32
region,London,E12000007,2020-08-03,89,35863,89,35833,0,30
region,London,E12000007,2020-08-02,76,35774,75,35744,1,30
region,London,E12000007,2020-08-01,59,35698,59,35669,0,29
region,London,E12000007,2020-07-31,77,35639,75,35610,2,29
region,London,E12000007,2020-07-30,104,35562,102,35535,2,27
region,London,E12000007,2020-07-29,103,35458,102,35433,1,25
region,London,E12000007,2020-07-28,100,35355,99,35331,1,24
region,London,E12000007,2020-07-27,101,35255,100,35232,1,23
region,London,E12000007,2020-07-26,64,35154,64,35132,0,22
region,London,E12000007,2020-07-25,57,35090,57,35068,0,22
region,London,E12000007,2020-07-24,84,35033,81,35011,3,22
region,London,E12000007,2020-07-23,70,34949,70,34930,0,19
region,London,E12000007,2020-07-22,85,34879,82,34860,3,19
region,London,E12000007,2020-07-21,81,34794,81,34778,0,16
region,London,E12000007,2020-07-20,102,34713,99,34697,3,16
region,London,E12000007,2020-07-19,42,34611,41,34598,1,13
region,London,E12000007,2020-07-18,48,34569,47,34557,1,12
region,London,E12000007,2020-07-17,48,34521,48,34510,0,11
region,London,E12000007,2020-07-16,70,34473,70,34462,0,11
region,London,E12000007,2020-07-15,76,34403,76,34392,0,11
region,London,E12000007,2020-07-14,63,34327,63,34316,0,11
region,London,E12000007,2020-07-13,85,34264,85,34253,0,11
region,London,E12000007,2020-07-12,38,34179,38,34168,0,11
region,London,E12000007,2020-07-11,20,34141,20,34130,0,11
region,London,E12000007,2020-07-10,39,34121,39,34110,0,11
region,London,E12000007,2020-07-09,54,34082,53,34071,1,11
region,London,E12000007,2020-07-08,59,34028,57,34018,2,10
region,London,E12000007,2020-07-07,60,33969,60,33961,0,8
region,London,E12000007,2020-07-06,55,33909,54,33901,1,8
region,London,E12000007,2020-07-05,52,33854,51,33847,1,7
region,London,E12000007,2020-07-04,32,33802,32,33796,0,6
region,London,E12000007,2020-07-03,38,33770,37,33764,1,6
region,London,E12000007,2020-07-02,43,33732,40,33727,3,5
region,London,E12000007,2020-07-01,43,33689,42,33687,1,2
region,London,E12000007,2020-06-30,52,33646,52,33645,0,1
region,London,E12000007,2020-06-29,59,33594,58,33593,1,1
region,London,E12000007,2020-06-28,22,33535,22,33535,,
region,London,E12000007,2020-06-27,32,33513,32,33513,,
region,London,E12000007,2020-06-26,48,33481,48,33481,,
region,London,E12000007,2020-06-25,58,33433,58,33433,,
region,London,E12000007,2020-06-24,46,33375,46,33375,,
region,London,E12000007,2020-06-23,50,33329,50,33329,,
region,London,E12000007,2020-06-22,53,33279,53,33279,,
region,London,E12000007,2020-06-21,26,33226,26,33226,,
region,London,E12000007,2020-06-20,29,33200,29,33200,,
region,London,E12000007,2020-06-19,38,33171,38,33171,,
region,London,E12000007,2020-06-18,47,33133,47,33133,,
region,London,E12000007,2020-06-17,42,33086,42,33086,,
region,London,E12000007,2020-06-16,47,33044,47,33044,,
region,London,E12000007,2020-06-15,40,32997,40,32997,,
region,London,E12000007,2020-06-14,30,32957,30,32957,,
region,London,E12000007,2020-06-13,39,32927,39,32927,,
region,London,E12000007,2020-06-12,53,32888,53,32888,,
region,London,E12000007,2020-06-11,46,32835,46,32835,,
region,London,E12000007,2020-06-10,52,32789,52,32789,,
region,London,E12000007,2020-06-09,71,32737,71,32737,,
region,London,E12000007,2020-06-08,55,32666,55,32666,,
region,London,E12000007,2020-06-07,45,32611,45,32611,,
region,London,E12000007,2020-06-06,46,32566,46,32566,,
region,London,E12000007,2020-06-05,46,32520,46,32520,,
region,London,E12000007,2020-06-04,57,32474,57,32474,,
region,London,E12000007,2020-06-03,78,32417,78,32417,,
region,London,E12000007,2020-06-02,50,32339,50,32339,,
region,London,E12000007,2020-06-01,50,32289,50,32289,,
region,London,E12000007,2020-05-31,37,32239,37,32239,,
region,London,E12000007,2020-05-30,38,32202,38,32202,,
region,London,E12000007,2020-05-29,57,32164,57,32164,,
region,London,E12000007,2020-05-28,74,32107,74,32107,,
region,London,E12000007,2020-05-27,83,32033,83,32033,,
region,London,E12000007,2020-05-26,64,31950,64,31950,,
region,London,E12000007,2020-05-25,58,31886,58,31886,,
region,London,E12000007,2020-05-24,51,31828,51,31828,,
region,London,E12000007,2020-05-23,64,31777,64,31777,,
region,London,E12000007,2020-05-22,86,31713,86,31713,,
region,London,E12000007,2020-05-21,157,31627,157,31627,,
region,London,E12000007,2020-05-20,141,31470,141,31470,,
region,London,E12000007,2020-05-19,128,31329,128,31329,,
region,London,E12000007,2020-05-18,113,31201,113,31201,,
region,London,E12000007,2020-05-17,79,31088,79,31088,,
region,London,E12000007,2020-05-16,74,31009,74,31009,,
region,London,E12000007,2020-05-15,132,30935,132,30935,,
region,London,E12000007,2020-05-14,159,30803,159,30803,,
region,London,E12000007,2020-05-13,203,30644,203,30644,,
region,London,E12000007,2020-05-12,191,30441,191,30441,,
region,London,E12000007,2020-05-11,160,30250,160,30250,,
region,London,E12000007,2020-05-10,123,30090,123,30090,,
region,London,E12000007,2020-05-09,128,29967,128,29967,,
region,London,E12000007,2020-05-08,208,29839,208,29839,,
region,London,E12000007,2020-05-07,273,29631,273,29631,,
region,London,E12000007,2020-05-06,267,29358,267,29358,,
region,London,E12000007,2020-05-05,216,29091,216,29091,,
region,London,E12000007,2020-05-04,245,28875,245,28875,,
region,London,E12000007,2020-05-03,170,28630,170,28630,,
region,London,E12000007,2020-05-02,248,28460,248,28460,,
region,London,E12000007,2020-05-01,355,28212,355,28212,,
region,London,E12000007,2020-04-30,426,27857,426,27857,,
region,London,E12000007,2020-04-29,432,27431,432,27431,,
region,London,E12000007,2020-04-28,311,26999,311,26999,,
region,London,E12000007,2020-04-27,418,26688,418,26688,,
region,London,E12000007,2020-04-26,310,26270,310,26270,,
region,London,E12000007,2020-04-25,332,25960,332,25960,,
region,London,E12000007,2020-04-24,375,25628,375,25628,,
region,London,E12000007,2020-04-23,520,25253,520,25253,,
region,London,E12000007,2020-04-22,399,24733,399,24733,,
region,London,E12000007,2020-04-21,463,24334,463,24334,,
region,London,E12000007,2020-04-20,425,23871,425,23871,,
region,London,E12000007,2020-04-19,398,23446,398,23446,,
region,London,E12000007,2020-04-18,401,23048,401,23048,,
region,London,E12000007,2020-04-17,577,22647,577,22647,,
region,London,E12000007,2020-04-16,574,22070,574,22070,,
region,London,E12000007,2020-04-15,657,21496,657,21496,,
region,London,E12000007,2020-04-14,600,20839,600,20839,,
region,London,E12000007,2020-04-13,601,20239,601,20239,,
region,London,E12000007,2020-04-12,502,19638,502,19638,,
region,London,E12000007,2020-04-11,518,19136,518,19136,,
region,London,E12000007,2020-04-10,622,18618,622,18618,,
region,London,E12000007,2020-04-09,791,17996,791,17996,,
region,London,E12000007,2020-04-08,867,17205,867,17205,,
region,London,E12000007,2020-04-07,946,16338,946,16338,,
region,London,E12000007,2020-04-06,858,15392,858,15392,,
region,London,E12000007,2020-04-05,636,14534,636,14534,,
region,London,E12000007,2020-04-04,765,13898,765,13898,,
region,London,E12000007,2020-04-03,984,13133,984,13133,,
region,London,E12000007,2020-04-02,1063,12149,1063,12149,,
region,London,E12000007,2020-04-01,977,11086,977,11086,,
region,London,E12000007,2020-03-31,935,10109,935,10109,,
region,London,E12000007,2020-03-30,848,9174,848,9174,,
region,London,E12000007,2020-03-29,596,8326,596,8326,,
region,London,E12000007,2020-03-28,577,7730,577,7730,,
region,London,E12000007,2020-03-27,818,7153,818,7153,,
region,London,E12000007,2020-03-26,740,6335,740,6335,,
region,London,E12000007,2020-03-25,752,5595,752,5595,,
region,London,E12000007,2020-03-24,636,4843,636,4843,,
region,London,E12000007,2020-03-23,685,4207,685,4207,,
region,London,E12000007,2020-03-22,439,3522,439,3522,,
region,London,E12000007,2020-03-21,348,3083,348,3083,,
region,London,E12000007,2020-03-20,424,2735,424,2735,,
region,London,E12000007,2020-03-19,332,2311,332,2311,,
region,London,E12000007,2020-03-18,357,1979,357,1979,,
region,London,E12000007,2020-03-17,310,1622,310,1622,,
region,London,E12000007,2020-03-16,237,1312,237,1312,,
region,London,E12000007,2020-03-15,165,1075,165,1075,,
region,London,E12000007,2020-03-14,149,910,149,910,,
region,London,E12000007,2020-03-13,138,761,138,761,,
region,London,E12000007,2020-03-12,167,623,167,623,,
region,London,E12000007,2020-03-11,183,456,183,456,,
region,London,E12000007,2020-03-10,95,273,95,273,,
region,London,E12000007,2020-03-09,54,178,54,178,,
region,London,E12000007,2020-03-08,22,124,22,124,,
region,London,E12000007,2020-03-07,14,102,14,102,,
region,London,E12000007,2020-03-06,23,88,23,88,,
region,London,E12000007,2020-03-05,13,65,13,65,,
region,London,E12000007,2020-03-04,15,52,15,52,,
region,London,E12000007,2020-03-03,6,37,6,37,,
region,London,E12000007,2020-03-02,12,31,12,31,,
region,London,E12000007,2020-03-01,3,19,3,19,,
region,London,E12000007,2020-02-29,1,16,1,16,,
region,London,E12000007,2020-02-28,0,15,0,15,,
region,London,E12000007,2020-02-27,1,15,1,15,,
region,London,E12000007,2020-02-26,0,14,0,14,,
region,London,E12000007,2020-02-25,1,14,1,14,,
region,London,E12000007,2020-02-24,1,13,1,13,,
region,London,E12000007,2020-02-23,3,12,3,12,,
region,London,E12000007,2020-02-22,0,9,0,9,,
region,London,E12000007,2020-02-21,1,9,1,9,,
region,London,E12000007,2020-02-20,0,8,0,8,,
region,London,E12000007,2020-02-19,0,8,0,8,,
region,London,E12000007,2020-02-18,0,8,0,8,,
region,London,E12000007,2020-02-17,1,8,1,8,,
region,London,E12000007,2020-02-16,0,7,0,7,,
region,London,E12000007,2020-02-15,0,7,0,7,,
region,London,E12000007,2020-02-14,0,7,0,7,,
region,London,E12000007,2020-02-13,1,7,1,7,,
region,London,E12000007,2020-02-12,0,6,0,6,,
region,London,E12000007,2020-02-11,4,6,4,6,,
region,London,E12000007,2020-02-10,1,2,1,2,,
region,London,E12000007,2020-02-09,0,1,0,1,,
region,London,E12000007,2020-02-08,0,1,0,1,,
region,London,E12000007,2020-02-07,0,1,0,1,,
region,London,E12000007,2020-02-06,0,1,0,1,,
region,London,E12000007,2020-02-05,0,1,0,1,,
region,London,E12000007,2020-02-04,0,1,0,1,,
region,London,E12000007,2020-02-03,1,1,1,1,,
